<?xml version="1.0" encoding="UTF-8"?>
<!DOCTYPE suite SYSTEM "http://testng.org/testng-1.0.dtd">

<suite name="Suite" parallel="tests" thread-count="6" configfailurepolicy="continue">

    <test name="Browser_Chrome1" preserve-order="true"> <parameter name="browser" value="CHROME1"/> <parameter name="envcode" value="TST01"/> <classes> <class name="com.att.functional.smoke.OCESmokeTest"/> </classes> </test>
    
    <test name="Browser_Chrome2" preserve-order="true"> <parameter name="browser" value="CHROME2"/> <parameter name="envcode" value="TST01"/> <classes> <class name="com.att.functional.smoke.OCESmokeTest"/> </classes> </test>
 <!--     
    <test name="Browser_Chrome3" preserve-order="true"> <parameter name="browser" value="CHROME3"/> <parameter name="envcode" value="TST01"/> <classes> <class name="com.att.functional.smoke.OCESmokeTest"/> </classes> </test>
    
    <test name="Browser_Chrome4" preserve-order="true"> <parameter name="browser" value="CHROME4"/> <parameter name="envcode" value="TST01"/> <classes> <class name="com.att.functional.smoke.OCESmokeTest"/> </classes> </test>
    
    <test name="Browser_Chrome5" preserve-order="true"> <parameter name="browser" value="CHROME5"/> <parameter name="envcode" value="TST01"/> <classes> <class name="com.att.functional.smoke.OCESmokeTest"/> </classes> </test>
    
    <test name="Browser_Chrome6" preserve-order="true"> <parameter name="browser" value="CHROME6"/> <parameter name="envcode" value="TST01"/> <classes> <class name="com.att.functional.smoke.OCESmokeTest"/> </classes> </test>
   -->     
</suite>
