<!DOCTYPE suite SYSTEM "http://testng.org/testng-1.0.dtd" >
<suite name="ATnTDaily">
   <test name="Sanity Tests">
        <classes> 
             <class name="com.atnt.web.buildbundle.tests.ATnTBuildYourOwnBundleTest"/>
              <class name="com.atnt.web.buildbundle.tests.ATnTRegisterToday"/>
            <class name="com.atnt.web.buildbundle.tests.ATnTForgetPasswordTest"/>
            <class name="com.atnt.web.buildbundle.tests.ATnTBringYourPhoneOrTabletTest"/>
        </classes> 
   </test>
</suite>

