<?xml version="1.0" encoding="UTF-8"?>
<SOAP-ENV:Envelope xmlns:SOAP-ENV="http://schemas.xmlsoap.org/soap/envelope/">
   <SOAP-ENV:Header>
      <ns2:MessageHeader xmlns="http://csi.cingular.com/CSI/Namespaces/Types/Public/CingularDataModel.xsd" xmlns:ns2="http://csi.cingular.com/CSI/Namespaces/Types/Public/MessageHeader.xsd">
         <ns2:TrackingMessageHeader>
            <version>v84</version>
            <messageId>135.164.39.142:-2505c3:14717c88dc8:-7246</messageId>
            <timeToLive>88000</timeToLive>
            <conversationId>YwIbZJlem1a5kTUs86evQfpkIABilaPY!734618202!1404913883486</conversationId>
            <dateTimeStamp>2014-07-09T13:55:20.309Z</dateTimeStamp>
         </ns2:TrackingMessageHeader>
         <ns2:SecurityMessageHeader>
            <userName>buyonline</userName>
            <userPassword>buyonline504</userPassword>
         </ns2:SecurityMessageHeader>
         <ns2:SequenceMessageHeader>
            <sequenceNumber>1</sequenceNumber>
            <totalInSequence>1</totalInSequence>
         </ns2:SequenceMessageHeader>
      </ns2:MessageHeader>
   </SOAP-ENV:Header>
   <SOAP-ENV:Body>
      <RetrieveUnifiedCreditPolicyRequest xmlns="http://csi.cingular.com/CSI/Namespaces/Container/Public/RetrieveUnifiedCreditPolicyRequest.xsd" xmlns:ns2="http://csi.cingular.com/CSI/Namespaces/Types/Public/CingularDataModel.xsd">
         <CreditPolicyKeys>
            <unifiedCreditTransactionId>U20140725003610331</unifiedCreditTransactionId>
         </CreditPolicyKeys>
      </RetrieveUnifiedCreditPolicyRequest>
   </SOAP-ENV:Body>
</SOAP-ENV:Envelope>