<?xml version="1.0" encoding="utf-8"?><SOAP-ENV:Envelope xmlns:SOAP-ENV="http://schemas.xmlsoap.org/soap/envelope/"><SOAP-ENV:Header><ns2:MessageHeader xmlns="http://csi.cingular.com/CSI/Namespaces/Types/Public/CingularDataModel.xsd" xmlns:ns2="http://csi.cingular.com/CSI/Namespaces/Types/Public/MessageHeader.xsd"><ns2:TrackingMessageHeader><version>v88</version><messageId>135.164.38.85:4bc6bdf:14c0e113bee:-1220</messageId><timeToLive>88000</timeToLive><conversationId>-IhJpgjR2u_qYT2bErj3F1qvpQ5GPY68!-1856742400!1431459727569</conversationId><dateTimeStamp>2015-05-12T20:07:43.051Z</dateTimeStamp></ns2:TrackingMessageHeader><ns2:SecurityMessageHeader><userName>buyonline</userName><userPassword>buyonline504</userPassword></ns2:SecurityMessageHeader><ns2:SequenceMessageHeader><sequenceNumber>1</sequenceNumber><totalInSequence>1</totalInSequence></ns2:SequenceMessageHeader></ns2:MessageHeader></SOAP-ENV:Header><SOAP-ENV:Body><ExecuteUnifiedCreditCheckRequest xmlns="http://csi.cingular.com/CSI/Namespaces/Container/Public/ExecuteUnifiedCreditCheckRequest.xsd" xmlns:ns2="http://csi.cingular.com/CSI/Namespaces/Types/Public/CingularDataModel.xsd" xmlns:ns3="http://csi.cingular.com/CSI/Namespaces/Container/Public/InquireUnifiedCustomerLoginProfileResponse.xsd"><creditDestination>L</creditDestination><affiliateId>LS</affiliateId><representativeId>ONLINE</representativeId><orderType>N</orderType><sourceApplicationId>UROCK</sourceApplicationId><ApplicantData><Consumer><businessType>F</businessType><Principal><Name><ns2:namePrefix></ns2:namePrefix><ns2:firstName>asdf</ns2:firstName><ns2:lastName>adsf</ns2:lastName><ns2:nameSuffix></ns2:nameSuffix></Name><dateOfBirth>1982-02-17</dateOfBirth><SocialSecurityNumber><ns2:ssn>666670804</ns2:ssn></SocialSecurityNumber><CurrentAddress><ns2:address><ns2:AddressLine1>10000 WALNUT ST</ns2:AddressLine1><ns2:AddressLine2>APT 2020 </ns2:AddressLine2><ns2:city>DALLAS</ns2:city><ns2:state>TX</ns2:state><ns2:Zip><ns2:zipCode>75243</ns2:zipCode><ns2:zipCodeExtension>2713</ns2:zipCodeExtension></ns2:Zip><ns2:Country>US</ns2:Country></ns2:address></CurrentAddress></Principal></Consumer></ApplicantData><ServiceAddressData><ns2:ServiceAddress><ns2:AddressLine1>10000 WALNUT ST</ns2:AddressLine1><ns2:AddressLine2>APT 2020 </ns2:AddressLine2><ns2:city>DALLAS</ns2:city><ns2:state>TX</ns2:state><ns2:Zip><ns2:zipCode>75243</ns2:zipCode><ns2:zipCodeExtension>2713</ns2:zipCodeExtension></ns2:Zip><ns2:Country>US</ns2:Country></ns2:ServiceAddress></ServiceAddressData><CanBeReached><ns2:telephoneNumber>2222222222</ns2:telephoneNumber><ns2:identifier>CELL</ns2:identifier></CanBeReached><CanBeReached><ns2:telephoneNumber>2222222222</ns2:telephoneNumber><ns2:identifier>CELL</ns2:identifier></CanBeReached></ExecuteUnifiedCreditCheckRequest></SOAP-ENV:Body></SOAP-ENV:Envelope>