<?xml version="1.0" encoding="UTF-8"?>
<!DOCTYPE suite SYSTEM "http://testng.org/testng-1.0.dtd">

<suite name="Suite" parallel="tests" thread-count="1"
>
    <test name="Browser_Chrome1" preserve-order="true">
        <parameter name="browser" value="CHROME1"></parameter> 
        <parameter name="envcode" value="TST01"></parameter> 
        <classes>
            <class name="com.att.functional.smoke.OpinionLabPopupSmokeTest">
                <methods>
                    <include name="HRockNewCustomerFlow" />
                </methods>
            </class>
        </classes>
    </test>
    
    <!--  
    <test name="Browser_Firefox1" preserve-order="true">
        <parameter name="browser" value="FIREFOX1"></parameter> 
        <parameter name="envcode" value="TST04"></parameter> 
        <classes>
            <class name="com.att.functional.smoke.OpinionLabPopupSmokeTest">
                <methods>
                    <include name="HRockAddALineFlow" />
                </methods>
            </class>
        </classes>
    </test>
    -->

</suite>
