<?xml version="1.0" encoding="UTF-8"?>
<!DOCTYPE suite SYSTEM "http://testng.org/testng-1.0.dtd">

<suite name="Suite" parallel="tests" thread-count="3">

    <test name="Browser_Chrome1" preserve-order="true"><parameter name="browser" value="CHROME1"/><parameter name="envcode" value="TST21_GP"/><classes><class name="com.att.functional.smoke.GPMigrationSmokeTest"/></classes> </test>
    <test name="Browser_Chrome2" preserve-order="true"><parameter name="browser" value="CHROME2"/><parameter name="envcode" value="TST21_GP"/><classes><class name="com.att.functional.smoke.GPMigrationSmokeTest"/></classes> </test>   
	<test name="Browser_Chrome3" preserve-order="true"><parameter name="browser" value="CHROME3"/><parameter name="envcode" value="TST21_GP"/><classes><class name="com.att.functional.smoke.GPMigrationSmokeTest"/></classes> </test> 
    
    <!-- <test name="Browser_Chrome1" preserve-order="true"><parameter name="browser" value="CHROME1"/><parameter name="envcode" value="TST03_GP"/><classes><class name="com.att.functional.smoke.GPMigrationSmokeTest"/></classes> </test>
    <test name="Browser_Chrome2" preserve-order="true"><parameter name="browser" value="CHROME2"/><parameter name="envcode" value="TST03_GP"/><classes><class name="com.att.functional.smoke.GPMigrationSmokeTest"/></classes> </test>   
	<test name="Browser_Chrome3" preserve-order="true"><parameter name="browser" value="CHROME3"/><parameter name="envcode" value="TST03_GP"/><classes><class name="com.att.functional.smoke.GPMigrationSmokeTest"/></classes> </test>  --> 
	
</suite>
